Date,Subreddit,Title,Post Text,Post URL,ID,Chart Type,Score,Total Comments,Score + Comments,Colorized_Entropy
2021-09-06,news,‚ÄòCultural genocide‚Äô: the shameful history of Canada‚Äôs residential schools ‚Äì mapped,,https://www.theguardian.com/world/ng-interactive/2021/sep/06/canada-residential-schools-indigenous-children-cultural-genocide-map,pj9l5g,map,1,3,4,1.038123828
2021-04-23,politics,‚ÄòExcess Deaths‚Äô in 2020 Surpassed Those of 1918 Flu Pandemic,,https://www.nytimes.com/interactive/2021/04/23/us/covid-19-death-toll.html?smtyp=cur&amp;smid=tw-nytimes,mx7j0b,bar,1,22,23,0.9879726369
2021-04-07,politics,‚ÄòThis is environmental racism‚Äô - How a protest in a North Carolina farming town sparked a national movement,,https://www.washingtonpost.com/climate-environment/interactive/2021/environmental-justice-race/?utm_campaign=Hot%20News&amp;utm_medium=email&amp;_hsmi=120059140&amp;_hsenc=p2ANqtz-9yQa9LB8EDugFv-87YPVoUULN_byAjfePvI5rLtlmWdRajRfESCe0dSumLEmD0gtumOKSHIxg-hI93N568Mvc-PntQkA&amp;utm_content=120059140&amp;utm_source=hs_email,mm1hmp,map,1,1,2,2.514177912
2021-07-30,conservative,"‚ÄúPolice shootings continue daily, despite a pandemic, protests and pushes for reform‚Äù‚Äîyes there‚Äôs little change since there are few unjustified shootings",,https://www.washingtonpost.com/investigations/interactive/2021/police-shootings-since-2015/,oumclu,gauge,1,0,1,4.081796079
2021-07-20,worldnews,"[Washington Post] Private Israeli spyware used to hack cellphones of journalists, activists worldwide",,https://www.washingtonpost.com/investigations/interactive/2021/nso-spyware-pegasus-cellphones/?itid=lk_inline_manual_2,oo2nn5,map,1,2,3,5.495289886
2021-09-17,news,1 in 500 Americans have died of covid-19 (Washington Post),,https://www.washingtonpost.com/health/interactive/2021/1-in-500-covid-deaths/?no_nav=true,ppt67h,bar,1,0,1,1.201081489
2021-03-12,news,10% of United States population fully vaccinated,,https://www.nytimes.com/interactive/2020/us/covid-19-vaccine-doses.html,m35chj,map,1,9,10,2.719074831
2021-04-26,news,2020 Census shows U.S. population grew at the second-slowest pace in history,,https://www.washingtonpost.com/dc-md-va/interactive/2021/2020-census-us-population-results/,mz7rjs,map,1,0,1,2.399252613
2021-08-08,politics,A Black boy was pushed to his death. His mom says it was more than a ‚Äòprank‚Äô,,https://www.cnn.com/interactive/2021/08/world/wales-racial-justice-cmd-idnty-intl-cnnphotos/,p057tv,map,1,2,3,5.229863245
2021-03-17,politics,"A Close-Up Picture of Partisan Segregation, Among 180 Million Voters",,https://www.nytimes.com/interactive/2021/03/17/upshot/partisan-segregation-maps.html,m72sxx,map,1,3,4,4.822297913
2021-03-17,politics,"A Close-Up Picture of Partisan Segregation, Among 180 Million Voters",,https://www.nytimes.com/interactive/2021/03/17/upshot/partisan-segregation-maps.html,m6wva5,map,1,9,10,4.822297913
2021-05-13,uspolitics,A sprawling investigation: What we know so far about the Capitol riot suspects,,https://www.washingtonpost.com/nation/interactive/2021/capitol-riot-arrests-investigation/?wpmk=1&amp;wpisrc=al_special_report__alert-politics--alert-national&amp;utm_source=alert&amp;utm_medium=email&amp;utm_campaign=wp_news_alert_revere_special_report&amp;location=alert&amp;pwapi_token=eyJ0eXAiOiJKV1QiLCJhbGciOiJIUzI1NiJ9.eyJjb29raWVuYW1lIjoid3BfY3J0aWQiLCJpc3MiOiJDYXJ0YSIsImNvb2tpZXZhbHVlIjoiNTk3MjhiOTk5YmJjMGYxY2RjZTY3MDAwIiwidGFnIjoid3BfbmV3c19hbGVydF9yZXZlcmVfc3BlY2lhbF9yZXBvcnQiLCJ1cmwiOiJodHRwczovL3d3dy53YXNoaW5ndG9ucG9zdC5jb20vbmF0aW9uL2ludGVyYWN0aXZlLzIwMjEvY2FwaXRvbC1yaW90LWFycmVzdHMtaW52ZXN0aWdhdGlvbi8_d3Btaz0xJndwaXNyYz1hbF9zcGVjaWFsX3JlcG9ydF9fYWxlcnQtcG9saXRpY3MtLWFsZXJ0LW5hdGlvbmFsJnV0bV9zb3VyY2U9YWxlcnQmdXRtX21lZGl1bT1lbWFpbCZ1dG1fY2FtcGFpZ249d3BfbmV3c19hbGVydF9yZXZlcmVfc3BlY2lhbF9yZXBvcnQmbG9jYXRpb249YWxlcnQifQ.5v10kioPANYv5RLn1HkH-w2WRrUTzGDX9ay5wquz3w8,nbrzjp,infographic,1,1,2,1.660927477
2021-05-13,politics,A sprawling investigation: What we know so far about the Capitol riot suspects,,https://www.washingtonpost.com/nation/interactive/2021/capitol-riot-arrests-investigation/,nbog0o,infographic,1,3,4,1.660927477
2021-05-13,politics,"A sprawling investigation: What we know so far about the Capitol riot suspects | Since the Jan. 6 attack on the U.S. Capitol, more than 400 people who were part of the pro-Trump mob that day have been arrested ‚Äì a number that could still grow substantially.",,https://www.washingtonpost.com/nation/interactive/2021/capitol-riot-arrests-investigation/,nbl6xa,infographic,1,6,7,1.660927477
2021-07-12,worldnews,A teen was accused of abuse inside Vatican City. Powerful church figures helped him become a priest.,,https://www.washingtonpost.com/world/interactive/2021/vatican-sexual-abuse/,oivnad,map,1,3,4,6.477502216
2021-05-08,politics,A timeline of new and old efforts to limit the political power of Black Americans and other voters of color,,https://www.cnn.com/interactive/2021/05/politics/black-voting-rights-suppression-timeline/,n7vwoz,timeline,1,4,5,2.159311343
2021-06-14,conservative,"According to the Washington Post, many bird species are now racist.",,https://www.washingtonpost.com/climate-environment/interactive/2021/bird-names-racism-audubon/,nzuu7v,infographic,1,0,1,2.329421465
2021-10-14,worldnews,"After a Covid-induced blip last year, greenhouse gas emissions have roared back in 2021. ‚ÄúWe are on a catastrophic path,‚Äù said Ant√≥nio Guterres, secretary general of the UN. ‚ÄúWe can either save our world or condemn humanity to a hellish future.",,https://www.theguardian.com/environment/ng-interactive/2021/oct/14/climate-change-happening-now-stats-graphs-maps-cop26?CMP=share_btn_fb,q82c52,infographic,1,2,3,1.615903534
2021-08-17,news,"American Hospitals Buckle Under Delta, With I.C.U.s Filling Up",,https://www.nytimes.com/interactive/2021/08/17/us/covid-delta-hospitalizations.html,p60jrv,area,1,0,1,2.568669345
2021-05-02,conservative,Analysis | The false and misleading claims President Biden made during his first 100 days in office,,https://www.washingtonpost.com/politics/interactive/2021/biden-fact-checker-100-days/?utm_source=twitter&amp;utm_medium=acq-nat&amp;utm_campaign=eng-rem-evg&amp;utm_content=politics-bidenfactchecker&amp;twclid=11388933219307900933,n3dpg9,infographic,1,0,1,1.005468764
2021-05-02,politics,Analysis | The false and misleading claims President Biden made during his first 100 days in office,,https://www.washingtonpost.com/politics/interactive/2021/biden-fact-checker-100-days/?utm_source=twitter&amp;utm_medium=acq-nat&amp;utm_campaign=eng-rem-evg&amp;utm_content=politics-bidenfactchecker&amp;twclid=11388933219307900933,n3dq2o,infographic,1,0,1,1.005468764
2021-05-02,Republican,Analysis | The false and misleading claims President Biden made during his first 100 days in office,,https://www.washingtonpost.com/politics/interactive/2021/biden-fact-checker-100-days/?utm_source=twitter&amp;utm_medium=acq-nat&amp;utm_campaign=eng-rem-evg&amp;utm_content=politics-bidenfactchecker&amp;twclid=11388933219307900933,n3dpmq,infographic,1,0,1,1.005468764
2021-04-27,politics,Analysis | The false and misleading claims President Biden made during his first 100 days in office,,https://www.washingtonpost.com/politics/interactive/2021/biden-fact-checker-100-days/,mzyve9,infographic,0,4,4,1.005468764
2021-09-11,worldnews,"Analysis of the U.S. drone strike‚Äôs aftermath in Kabul suggests no evidence the car contained explosives, experts say",,https://www.washingtonpost.com/investigations/interactive/2021/kabul-drone-strike-questions/,pm66fa,map,1,13,14,6.123653702
2021-09-10,worldnews,"Analysis of the U.S. drone strike‚Äôs aftermath in Kabul suggests no evidence the car contained explosives, experts say",,https://www.washingtonpost.com/investigations/interactive/2021/kabul-drone-strike-questions/?no_nav=true,plwl6i,map,1,18,19,6.123653702
2021-09-11,politics,"Analysis of the U.S. drone strike‚Äôs aftermath in Kabul suggests no evidence the car contained explosives, experts say",,https://www.washingtonpost.com/investigations/interactive/2021/kabul-drone-strike-questions/,plwpfh,map,1,70,71,6.123653702
2021-09-11,news,"Analysis of the U.S. drone strike√¢¬Ä¬ôs aftermath in Kabul suggests no evidence the car contained explosives, experts say",,https://www.washingtonpost.com/investigations/interactive/2021/kabul-drone-strike-questions/?no_nav=true,plxvgl,map,1,0,1,6.123653702
2021-05-22,politics,Andrew Brown Jr. Shooting: Videos Cast Doubt on Police Use of Force,,https://www.nytimes.com/interactive/2021/05/22/us/andrew-brown-jr-shooting-body-cam-video.html,nim4hz,map,1,20,21,5.950054036
2021-12-05,news,"Assad's Syrian Regime Tightens Economic Grip by Raiding, Seizing Businesses",,https://www.washingtonpost.com/world/interactive/2021/assad-syria-business-government/,r9l3pm,area,1,0,1,1.082509588
2021-12-05,worldnews,"Assad‚Äôs Syrian Regime Tightens Economic Grip by Raiding, Seizing Businesses",,https://www.washingtonpost.com/world/interactive/2021/assad-syria-business-government/,r9jt3k,area,1,7,8,1.082509588
2021-08-26,news,"At Least 250,000 Afghans Who Worked With U.S. Haven‚Äôt Been Evacuated, Estimates Say",,https://www.nytimes.com/interactive/2021/08/25/world/asia/afghanistan-evacuations-estimates.html,pbwjj3,line,1,0,1,1.139299914
2021-08-26,worldnews,"At Least 250,000 Afghans Who Worked With U.S. Haven‚Äôt Been Evacuated, Estimates Say",,https://www.nytimes.com/interactive/2021/08/25/world/asia/afghanistan-evacuations-estimates.html,pbtx95,line,1,13,14,1.139299914
2021-06-12,worldpolitics,"Attacked at work, rejected for jobs and harassed by colleagues: Asians around the world speak out on workplace discrimination",,https://www.cnn.com/interactive/2021/06/business/asians-workplace-discrimination-covid/,nyd1ay,map,1,0,1,1.303414263
2021-12-08,worldnews,"Beijing Silenced Peng Shuai in 20 Minutes, Then Spent Weeks on Damage Control[NYT, paywall]",,https://www.nytimes.com/interactive/2021/12/08/world/asia/peng-shuai-china-censorship.html,rbswhp,bar,13,5,18,1.280718619
2021-07-29,news,Beyond human endurance; How climate change is making parts of the world too hot and humid to survive,,https://www.washingtonpost.com/world/interactive/2021/climate-change-humidity/,otmvrl,map,1,0,1,2.359988757
2021-06-15,politics,Biden nominated as many minority women to be judges in four months as Trump had confirmed in four years,,https://www.washingtonpost.com/politics/interactive/2021/biden-judge-diversity/,o0iumj,infographic,6,4,10,3.479562448
2021-06-15,democrats,Biden nominated as many minority women to be judges in four months as Trump had confirmed in four years,,https://www.washingtonpost.com/politics/interactive/2021/biden-judge-diversity/?utm_campaign=wp_main&amp;utm_medium=social&amp;utm_source=facebook&amp;fbclid=IwAR3n6RPLrR718R5n3uRvxBHiLiGH49recVoB8MoQgT_EeUOVM14-ZyMtQC0,o01jni,map,12,4,16,3.479562448
2021-06-14,politics,Biden nominated as many minority women to be judges in four months as Trump had confirmed in four years,,https://www.washingtonpost.com/politics/interactive/2021/biden-judge-diversity/?itid=sf_politics,nzr72v,infographic,361,160,521,3.479562448
2021-06-29,politics,Big Ag corporation sold land to Trump USDA secretary Sonny Perdue's company for a fraction of its value soon before he took office,,https://www.washingtonpost.com/climate-environment/interactive/2021/sonny-perdue-adm-land-deal/,oa9m1p,map,1,3,4,6.422517057
2021-08-23,conservative,Big business pledged nearly $50 billion for racial justice after George Floyd's death. Where did the money go?,,https://www.washingtonpost.com/business/interactive/2021/george-floyd-corporate-america-racial-justice/,pa34pt,treemap,1,0,1,2.256997489
2021-08-23,progressive,Big business pledged nearly $50 billion for racial justice after George Floyd's death. Where did the money go?,,https://www.washingtonpost.com/business/interactive/2021/george-floyd-corporate-america-racial-justice/?itid=hp-top-table-main,pa13xw,treemap,1,1,2,2.256997489
2021-06-05,politics,Bird lovers are grappling with honorary names linked to racists. Audubon tops the list.,,https://www.washingtonpost.com/climate-environment/interactive/2021/bird-names-racism-audubon/,nsy5zl,infographic,1,5,6,2.51076085
2021-06-05,Republican,Birds are apparently racist according to the left,,https://www.washingtonpost.com/climate-environment/interactive/2021/bird-names-racism-audubon/,nsvv10,infographic,1,0,1,2.51076085
2021-05-28,politics,Can Removing Highways Fix America‚Äôs Cities?,,https://www.nytimes.com/interactive/2021/05/27/climate/us-cities-highway-removal.html,nmzmc9,map,1,7,8,7.451048974
2021-05-27,politics,Can Removing Highways Fix America‚Äôs Cities?,,https://www.nytimes.com/interactive/2021/05/27/climate/us-cities-highway-removal.html,nmf21b,map,1,33,34,7.451048974
2021-11-02,conservative,Color me shocked ! It turns out that banning abortions....actually reduces abortions !&lt;,,https://www.nytimes.com/interactive/2021/10/29/upshot/texas-abortion-data.html,qlg3fl,line,1,0,1,0.709870225
2021-11-09,news,"Coronavirus in the U.S.: Latest Map and Case Count (Updated Nov. 9, 2021)",,https://www.nytimes.com/interactive/2021/us/covid-cases.html,qq789d,system,1,0,1,1.513425291
2021-06-25,conservative,Counties That Suffered Higher Unemployment Rates Voted for Biden,,https://www.nytimes.com/interactive/2020/11/16/business/economy/unemployment-election-counties.html,o7pokf,scatter,1,0,1,1.241239211
2021-11-08,news,"Countries' climate pledges built on flawed data, Post investigation finds",,https://www.washingtonpost.com/climate-environment/interactive/2021/greenhouse-gas-emissions-pledges-data/,qpde8o,scatter,1,0,1,0.2588347117
2021-11-08,politics,Countries‚Äô climate pledges built on flawed data,,https://www.washingtonpost.com/climate-environment/interactive/2021/greenhouse-gas-emissions-pledges-data/,qp4mt9,scatter,1,7,8,0.2588347117
2021-11-08,uspolitics,"Countries‚Äô climate pledges built on flawed data, Post investigation finds",,https://www.washingtonpost.com/climate-environment/interactive/2021/greenhouse-gas-emissions-pledges-data/,qp8800,scatter,1,0,1,0.2588347117
2021-11-09,politics,"Countries‚Äô climate pledges built on flawed data, Post investigation finds",,https://www.washingtonpost.com/climate-environment/interactive/2021/greenhouse-gas-emissions-pledges-data/?no_nav=true,qq0glk,scatter,1,7,8,0.2588347117
2021-09-14,worldpolitics,Covid Hospitalizations Hit Crisis Levels in Southern I.C.U.s,,https://www.nytimes.com/interactive/2021/09/14/us/covid-hospital-icu-south.html?auth=login-email&amp;login=email,po5yh3,map,1,0,1,2.524948353
2021-07-04,worldnews,Covid-19 vaccine tracker: View vaccinations by country,,https://edition.cnn.com/interactive/2021/health/global-covid-vaccinations/,odkrrj,map,1,2,3,1.519171117
2021-04-15,uspolitics,D.C. Police requested backup at least 17 times in 78 minutes during Capitol riot,,https://www.washingtonpost.com/investigations/interactive/2021/dc-police-records-capitol-riot/,mreb72,infographic,1,0,1,4.928948309
2021-04-16,politics,D.C. Police requested backup at least 17 times in 78 minutes during Capitol riot,,https://www.washingtonpost.com/investigations/interactive/2021/dc-police-records-capitol-riot/,mru716,infographic,1,2,3,4.928948309
2021-04-16,politics,D.C. Police requested backup at least 17 times in 78 minutes during Capitol riot,,https://www.washingtonpost.com/investigations/interactive/2021/dc-police-records-capitol-riot/,mrsj2h,infographic,1,2,3,4.928948309
2021-04-15,politics,D.C. Police requested backup at least 17 times in 78 minutes during Capitol riot,,https://www.washingtonpost.com/investigations/interactive/2021/dc-police-records-capitol-riot/?no_nav=true&amp;tid=a_classic-iphone,mrptaz,infographic,1,4,5,4.928948309
2021-04-15,politics,D.C. Police requested backup at least 17 times in 78 minutes during Capitol riot,,https://www.washingtonpost.com/investigations/interactive/2021/dc-police-records-capitol-riot/,mrkznl,infographic,1,589,590,4.928948309
2021-11-03,politics,Democracy is failing in the US as Republican Glenn Youngkin wins Virginia,,https://www.nytimes.com/interactive/2021/11/02/us/elections/results-virginia.html,qm01f0,map,1,13,14,1.602613698
2021-08-01,politics,"DeSantis with highest hospitalization rate in USA, declares war on masks. But üëç cameras‚Ä¶.",,https://www.nytimes.com/interactive/2021/us/covid-cases.html,ow229d,system,1,9,10,1.572937778
2021-10-10,news,"Despite spills and air pollution, fossil fuel companies award CEOs for environmental records",,https://www.washingtonpost.com/business/interactive/2021/fossil-fuel-climate-bonus/,q5jtkj,system,1,0,1,1.942246187
2021-05-07,politics,Dissecting the #PizzaGate Conspiracy Theories,,https://www.nytimes.com/interactive/2016/12/10/business/media/pizzagate.html?smid=re-share,n6mbog,network,1,0,1,1.334193771
2021-05-07,politics,Do You Live in a Political Bubble?,,https://www.nytimes.com/interactive/2021/04/30/opinion/politics/bubble-politics.html,n6zlma,map,1,3,4,4.434414036
2021-05-06,politics,Do You Live in a Political Bubble?,,https://www.nytimes.com/interactive/2021/04/30/opinion/politics/bubble-politics.html?campaign_id=190&amp;emc=edit_ufn_20210506&amp;instance_id=30339&amp;nl=updates-from-the-newsroom&amp;regi_id=98644423&amp;segment_id=57411&amp;te=1&amp;user_id=8cff65b148cd498607f56d32ef5573bf,n6k7r0,map,1,30,31,4.434414036
2021-03-03,Libertarian,Door-Busting Drug Raids Leave a Trail of Blood,,https://www.nytimes.com/interactive/2017/03/18/us/forced-entry-warrant-drug-raid.html,lx4p8f,map,25,2,27,1.980501624
2021-07-14,news,"Drug Deaths Spiked by 30 Percent Last Year, Surpassing 90,000",,https://www.nytimes.com/interactive/2021/07/14/upshot/drug-overdose-deaths.html?action=click&amp;module=Top%20Stories&amp;pgtype=Homepage,ok9t87,area,1,0,1,1.495739104
2021-07-14,news,"Drug Deaths Spiked by 30 Percent Last Year, Surpassing 90,000",,https://www.nytimes.com/interactive/2021/07/14/upshot/drug-overdose-deaths.html?smtyp=cur&amp;smid=tw-nytimes,ok83xk,area,1,6,7,1.495739104
2021-07-11,politics,Europe's 'green energy' revolution is taking a toll on Black Americans,,https://edition.cnn.com/interactive/2021/07/us/american-south-biomass-energy-invs/,oiab5q,map,1,13,14,1.977029691
2021-11-19,politics,Everything in the House Democrats‚Äô Budget Bill,,https://www.nytimes.com/interactive/2021/11/18/upshot/whats-in-democrats-reconciliation-bill.html?referringSource=articleShare,qxityf,treemap,1,0,1,2.296966049
2021-11-19,worldnews,Everything in the House Democrats‚Äô Budget Bill,,https://www.nytimes.com/interactive/2021/11/18/upshot/whats-in-democrats-reconciliation-bill.html?referringSource=articleShare,qxitn4,treemap,1,3,4,2.296966049
2021-07-30,Libertarian,"Fatal shootings by police reached new heights amid pandemic, shutdowns and calls for accountability | A Washington Post analysis found that police in 2020 fatally shot 1,021 people, more than any year on record.",,https://www.washingtonpost.com/investigations/interactive/2021/police-shootings-since-2015/,oulswz,gauge,1,16,17,4.081796079
2021-07-02,news,"Floor by Floor, the Missing People and Lost Lives Near Miami",,https://www.nytimes.com/interactive/2021/06/30/us/miami-building-missing-dead.html,ocbxxt,infographic,1,6,7,3.401748493
2021-08-11,news,"Florida get 56,610 new Covid cases Aug 10",,https://www.nytimes.com/interactive/2021/us/florida-covid-cases.html,p2i9nd,area,1,0,1,1.484480436
2021-11-25,news,Forensic science sheds light to the events leading towards the deadly Astroworld concert,,https://www.washingtonpost.com/investigations/interactive/2021/what-happened-astroworld-travis-scott/,r1nsnm,infographic,1,0,1,5.780519901
2021-04-27,politics,"Fresh off election falsehoods, Republicans serve up a whopper about Biden",,https://archive.fo/o/876G0/https://www.washingtonpost.com/politics/interactive/2021/biden-fact-checker-100-days/,mzdln9,infographic,1,2,3,1.005468764
2021-09-26,worldnews,German election results 2021: live results and possible coalitions,,https://www.theguardian.com/world/ng-interactive/2021/sep/26/german-election-results-exit-poll-and-possible-coalitions,pw3mhq,map,1,1,2,2.345440422
2021-12-07,politics,"Getting rid of the senate filibuster, is it an effective solution?",,https://www.cnn.com/interactive/2021/05/politics/filibuster-senate-explained/,rba2sc,bar,9,52,61,1.036716523
2021-12-10,news,Google Refuses to Derank Website that Helps Kids Kill Themselves,,https://www.nytimes.com/interactive/2021/12/09/us/where-the-despairing-log-on.html,rd7ryg,line,1,0,1,0.8955941117
2021-11-04,worldnews,Half world‚Äôs fossil fuel assets could become worthless by 2036 in net zero transition,,https://www.theguardian.com/environment/ng-interactive/2021/nov/04/fossil-fuel-assets-worthless-2036-net-zero-transition?CMP=Share_AndroidApp_Other,qmnxpa,bubble,1,29,30,1.419301954
2021-12-27,uspolitics,Hate Covid? Move to a Red state,,https://www.nytimes.com/interactive/2021/us/covid-cases.html,rpalgb,system,1,0,1,1.020216554
2021-08-22,news,Hospitals and Insurers Didn‚Äôt Want You to See These Prices. Here‚Äôs Why.,,https://www.nytimes.com/interactive/2021/08/22/upshot/hospital-prices.html,p9bz56,system,1,0,1,1.57445101
2021-08-22,news,Hospitals and Insurers Didn‚Äôt Want You to See These Prices. Here‚Äôs Why.,,https://www.nytimes.com/interactive/2021/08/22/upshot/hospital-prices.html?referringSource=articleShare,p9crre,system,1,0,1,1.57445101
2021-08-22,politics,Hospitals and Insurers Didn‚Äôt Want You to See These Prices. Here‚Äôs Why.,,https://www.nytimes.com/interactive/2021/08/22/upshot/hospital-prices.html,p9e6ov,system,1,3,4,1.57445101
2021-08-22,politics,Hospitals and Insurers Didn‚Äôt Want You to See These Prices. Here‚Äôs Why.,,https://www.nytimes.com/interactive/2021/08/22/upshot/hospital-prices.html?referringSource=articleShare,p9cx0z,system,1,497,498,1.57445101
2021-04-23,news,How Covid Upended a Century of Patterns in U.S. Deaths. The U.S. death rate in 2020 was the highest above normal ever recorded in the country ‚Äî even surpassing the calamity of the 1918 flu pandemic.,,https://www.nytimes.com/interactive/2021/04/23/us/covid-19-death-toll.html,mwwgdo,bar,1,20,21,0.9879726369
2021-03-11,uspolitics,How GOP-backed voting measures could create hurdles for tens of millions of voters,,https://www.washingtonpost.com/politics/interactive/2021/voting-restrictions-republicans-states/?wpmk=1&amp;wpisrc=al_news__alert-politics--alert-national&amp;utm_source=alert&amp;utm_medium=email&amp;utm_campaign=wp_news_alert_revere&amp;location=alert&amp;pwapi_token=eyJ0eXAiOiJKV1QiLCJhbGciOiJIUzI1NiJ9.eyJjb29raWVuYW1lIjoid3BfY3J0aWQiLCJpc3MiOiJDYXJ0YSIsImNvb2tpZXZhbHVlIjoiNTk3MjhiOTk5YmJjMGYxY2RjZTY3MDAwIiwidGFnIjoid3BfbmV3c19hbGVydF9yZXZlcmUiLCJ1cmwiOiJodHRwczovL3d3dy53YXNoaW5ndG9ucG9zdC5jb20vcG9saXRpY3MvaW50ZXJhY3RpdmUvMjAyMS92b3RpbmctcmVzdHJpY3Rpb25zLXJlcHVibGljYW5zLXN0YXRlcy8_d3Btaz0xJndwaXNyYz1hbF9uZXdzX19hbGVydC1wb2xpdGljcy0tYWxlcnQtbmF0aW9uYWwmdXRtX3NvdXJjZT1hbGVydCZ1dG1fbWVkaXVtPWVtYWlsJnV0bV9jYW1wYWlnbj13cF9uZXdzX2FsZXJ0X3JldmVyZSZsb2NhdGlvbj1hbGVydCJ9.HF7EJZFcoboGS4DYmFugEZwf3zlwSS3OIZT3YVEzShY,m2r1lz,line,1,0,1,1.637715117
2021-03-11,politics,How GOP-backed voting measures could create hurdles for tens of millions of voters,,https://www.washingtonpost.com/politics/interactive/2021/voting-restrictions-republicans-states/,m2vbji,line,1,3,4,1.637715117
2021-03-11,politics,How GOP-backed voting measures could create hurdles for tens of millions of voters,,https://www.washingtonpost.com/politics/interactive/2021/voting-restrictions-republicans-states/?itid=hp-top-table-main-0310,m2qp7f,line,3,3,6,1.637715117
2021-03-11,politics,How GOP-backed voting measures could create hurdles for tens of millions of voters,,https://www.washingtonpost.com/politics/interactive/2021/voting-restrictions-republicans-states/?tid=ss_tw,m2q13l,line,1,24,25,1.637715117
2021-03-11,politics,"How GOP-backed voting measures could create hurdles for tens of millions of voters ‚Äî At least 250 new laws have been proposed in 43 states to limit mail, early in-person and Election Day voting.",,https://www.washingtonpost.com/politics/interactive/2021/voting-restrictions-republicans-states/,m2qj3d,line,1,7,8,1.637715117
2021-11-08,politics,How Maps Reshape American Politics,,https://www.nytimes.com/interactive/2021/11/07/us/politics/redistricting-maps-explained.html,qpmmro,map,1,2,3,1.693374412
2021-07-10,worldnews,How marginalized communities in the South are paying the price for 'green energy' in Europe,,https://www.cnn.com/interactive/2021/07/us/american-south-biomass-energy-invs/,ohgz1c,map,1,6,7,1.977029691
2021-07-09,worldnews,How marginalized communities in the South are paying the price for 'green energy' in Europe,,https://www.cnn.com/interactive/2021/07/us/american-south-biomass-energy-invs/,oh57os,map,1,9,10,1.977029691
2021-07-13,worldnews,How marginalized communities in the South are paying the price for 'green energy' in Europe,,https://www.cnn.com/interactive/2021/07/us/american-south-biomass-energy-invs/,oj5ly8,map,1,20,21,1.977029691
2021-07-09,Liberal,How marginalized communities in the South are paying the price for ‚Äògreen energy‚Äô in Europe,,https://www.cnn.com/interactive/2021/07/us/american-south-biomass-energy-invs,oh7mxp,map,1,0,1,1.977029691
2021-07-09,democrats,How marginalized communities in the South are paying the price for ‚Äògreen energy‚Äô in Europe,,https://www.cnn.com/interactive/2021/07/us/american-south-biomass-energy-invs,oh7n03,map,1,2,3,1.977029691
2021-07-12,politics,How marginalized communities in the South are paying the price for green energy in Europe,,https://www.cnn.com/interactive/2021/07/us/american-south-biomass-energy-invs/,oj12wl,map,1,3,4,1.977029691
2021-11-01,politics,How Much Are Countries Pledging to Reduce Emissions?,,https://www.nytimes.com/interactive/2021/11/01/climate/paris-pledges-tracker-cop-26.html,qket46,line,1,4,5,0.3923878234
2021-08-07,worldnews,How Much Hotter Is Your Hometown Than When You Were Born? (Published 2018),,https://www.nytimes.com/interactive/2018/08/30/climate/how-much-hotter-is-your-hometown.html?smid=re-share,ozwowm,line,1,8,9,0.1679585915
2021-04-15,news,How one restaurant‚Äôs experiment may help diners breathe safely,,https://www.washingtonpost.com/health/interactive/2021/indoor-air-quality-safety-experiment/?tid=a_classic-iphone&amp;no_nav=true,mrovuk,system,1,0,1,1.185272848
2021-04-15,worldnews,How one restaurant‚Äôs experiment may help diners breathe safely,,https://www.washingtonpost.com/health/interactive/2021/indoor-air-quality-safety-experiment/?tid=a_classic-iphone&amp;no_nav=true,mrowb1,system,1,2,3,1.185272848
2021-05-13,news,How Pfizer Makes Its Covid-19 Vaccine,,https://www.nytimes.com/interactive/2021/health/pfizer-coronavirus-vaccine.html?smid=re-share,nbefr9,infographic,1,0,1,1.527931061
2021-12-30,politics,How redistricting is shaping the 2022 U.S. House map,,https://www.washingtonpost.com/politics/interactive/redistricting-tracker-map/,rs1zji,map,1,1,2,3.341309038
2021-10-04,politics,How Texas Plans to Make Its House Districts Even Redder,,https://www.nytimes.com/interactive/2021/10/03/us/politics/texas-redistricting-map-2022.html,q0zuy6,map,1,39,40,1.305871036
2021-08-09,worldnews,Humans are contributing to weather extremes,,https://www.cnn.com/interactive/2021/08/world/extreme-weather-climate-change/,p1aer3,map,1,25,26,1.731165648
2021-03-04,worldnews,"In the Atlantic Ocean, Subtle Shifts Hint at Dramatic Dangers",,https://www.nytimes.com/interactive/2021/03/02/climate/atlantic-ocean-climate-change.html,lxcu9z,map,27,6,33,5.741368032
2021-03-14,worldnews,"In the Atlantic Ocean, Subtle Shifts Hint at Dramatic Dangers",,https://www.nytimes.com/interactive/2021/03/02/climate/atlantic-ocean-climate-change.html?utm_source=pocket-newtab-global-en-GB,m53vgg,map,1,10,11,5.741368032
2021-03-04,news,"In the Atlantic Ocean, Subtle Shifts Hint at Dramatic Dangers",,https://www.nytimes.com/interactive/2021/03/02/climate/atlantic-ocean-climate-change.html,lxa7ee,map,70,36,106,5.741368032
2021-03-13,politics,"In the shadow of its exceptionalism, America fails to invest in the basics",,https://www.washingtonpost.com/nation/interactive/2021/america-growing-disparities/,m4gydf,scatter,41,25,66,1.334823042
2021-04-20,worldnews,India's devastating outbreak is driving the global coronavirus surge,,https://www.washingtonpost.com/world/interactive/2021/india-covid-cases-surge/,muia7a,line,1,16,17,1.933421409
2021-07-16,news,It‚Äôs Not Your Imagination. Summers Are Getting Hotter.,,https://www.nytimes.com/interactive/2021/climate/extreme-summer-heat.html,olnrwq,area,1,17,18,1.497997592
2021-04-17,news,Least Vaccinated U.S. Counties Have Something in Common: Trump Voters,,https://www.nytimes.com/interactive/2021/04/17/us/vaccine-hesitancy-politics.html?referringSource=articleShare&amp;fbclid=IwAR2l6oXOrf0bgqHX8HXNkOqt7XRzyQU7IbKwSDPR5W44RRWmRJLXASxxOl4,mt0qq6,scatter,1,0,1,0.8432459294
2021-04-17,politics,Least Vaccinated U.S. Counties Have Something in Common: Trump Voters,,https://www.nytimes.com/interactive/2021/04/17/us/vaccine-hesitancy-politics.html,mst7lq,scatter,1,4,5,0.8432459294
2021-04-17,politics,Least Vaccinated U.S. Counties Have Something in Common: Trump Voters,,https://www.nytimes.com/interactive/2021/04/17/us/vaccine-hesitancy-politics.html,msrtnn,scatter,1,5,6,0.8432459294
2021-04-17,politics,Least Vaccinated U.S. Counties Have Something in Common: Trump Voters,,https://www.nytimes.com/interactive/2021/04/17/us/vaccine-hesitancy-politics.html,msniow,scatter,1,563,564,0.8432459294
2021-03-03,worldnews,Libya risks losing control of its destiny as planeloads of fighters and arms flood the country,,https://www.washingtonpost.com/world/interactive/2021/libya-civil-war-russia-turkey-fighter-planes/,lwnzv5,map,1,2,3,5.223787799
2021-03-03,politics,"Libyans ousted a dictator, but an ensuing civil war has drawn in Russia, Turkey and others with a thirst for control",,https://www.washingtonpost.com/world/interactive/2021/libya-civil-war-russia-turkey-fighter-planes/,lwo0ev,map,1,0,1,5.223787799
2021-06-09,politics,List of Senators who voted ‚ÄúNo‚Äù on Jan. 6 Commission and don‚Äôt back the Blue,,https://www.washingtonpost.com/politics/interactive/2021/january6-commission-senators-vote/,nw4ga3,waffle,4,29,33,0.9546844973
2021-03-03,conservative,Lockdown rules by state. Not a lot of correlation between lockdowns and results.,,https://www.nytimes.com/interactive/2020/us/states-reopen-map-coronavirus.html,lx5sj9,map,1,0,1,1.56487912
2021-07-09,news,Marginalized communities in American South paying price for ‚Äúgreen energy‚Äù in Europe,,https://www.cnn.com/interactive/2021/07/us/american-south-biomass-energy-invs/,oh35eq,map,1,20,21,1.977029691
2021-08-14,politics,"Martha‚Äôs Vineyard Duke county covid cases up 2,050% 14 day run. Barack Obama‚Äôs Birthday bash to blame? Massachusetts Coronavirus Map and Case Count",,https://www.nytimes.com/interactive/2021/us/massachusetts-covid-cases.html,p3xn0u,area,1,20,21,1.362544222
2021-05-18,news,Meet the Four Kinds of People Holding Us Back From Full Vaccination,,https://www.nytimes.com/interactive/2021/05/18/opinion/covid-19-vaccine-hesitancy.html,nfe4qg,map,1,0,1,1.622771968
2021-07-19,worldnews,"Military-grade Israeli spyware was used in attempted and successful hacks of 37 smartphones belonging to journalists, human rights activists, business executives and the fiancee of murdered Saudi journalist Jamal Khashoggi.",,https://www.washingtonpost.com/investigations/interactive/2021/nso-spyware-pegasus-cellphones/?utm_campaign=wp_main&amp;utm_medium=social&amp;utm_source=twitter,on3ns9,map,1,4,5,5.495289886
2021-04-21,progressive,Minneapolis Police Use Force Against Black People at 7 Times the Rate of Whites,,https://www.nytimes.com/interactive/2020/06/03/us/minneapolis-police-use-of-force.html?action=click&amp;module=Spotlight&amp;pgtype=Homepage,mvnisf,map,1,7,8,3.794876855
2021-11-09,worldnews,"Nation's climate pledges built on flawed data, Post investigation finds",,https://www.washingtonpost.com/climate-environment/interactive/2021/greenhouse-gas-emissions-pledges-data/,qq74t0,scatter,1,3,4,0.2588347117
2021-11-01,worldnews,National climate pledges are too weak to avoid catastrophic warming. Most countries are on track to miss them anyway.,,https://www.washingtonpost.com/climate-environment/interactive/2021/climate-pledges-cop26/,qk6zjn,line,1,18,19,0.5724287123
2021-04-24,worldnews,Nearly half of doses administered so far have gone to high- income countries ‚Äî just 16 percent of the world‚Äôs population,,https://www.washingtonpost.com/world/interactive/2021/coronavirus-vaccine-inequality-global/,mxdx31,bubble,1,28,29,0.4168672713
2021-11-03,politics,New Jersey Election Results,,https://www.nytimes.com/interactive/2021/11/02/us/elections/results-new-jersey.html,qll5p5,bar,1,164,165,1.287869368
2021-06-23,politics,New York Primary Election Results,,https://www.nytimes.com/interactive/2021/06/22/us/elections/results-nyc-mayor-primary.html,o6215v,bar,1,18,19,1.372638877
2021-05-27,worldnews,New York Times on Covid situation of India. Good thing is that the Indians never believe in official numbers.,,https://www.nytimes.com/interactive/2021/05/25/world/asia/india-covid-death-estimates.html,nlzvzl,area,1,2,3,1.143968414
2021-12-07,news,Nothing Divides Voters Like Owning a Gun (Published 2017),,https://www.nytimes.com/interactive/2017/10/05/upshot/gun-ownership-partisan-divide.html,rb2xmr,map,1,1,2,1.966191218
2021-08-23,news,NYT article highlighting extreme price differences negotiated by U.S. insurance companies with hospitals. Rates sometimes 10x above Medicare.,,https://www.nytimes.com/interactive/2021/08/22/upshot/hospital-prices.html?campaign_id=9&amp;emc=edit_nn_20210823&amp;instance_id=38591&amp;nl=the-morning&amp;regi_id=117755505&amp;segment_id=66986&amp;te=1&amp;user_id=c61bfe3c8abb47707fb5210b46499d6e,p9zx42,system,1,0,1,1.57445101
2021-04-16,progressive,Off the grid: A flood of federal aid often fails to reach America√¢¬Ä¬ôs poorest families,,https://www.washingtonpost.com/nation/interactive/2021/covid-economy-illinois/,ms0f0c,map,1,0,1,2.092571311
2021-08-04,politics,Ohio Special Primary Election Results,,https://www.nytimes.com/interactive/2021/08/03/us/elections/results-ohio-special-primary-elections.html,oxh0dp,map,1,17,18,0.7732110423
2021-12-23,news,Omicron Drives U.S. Virus Cases Past Delta‚Äôs Peak,,https://www.nytimes.com/interactive/2021/12/23/us/omicron-case-count.html,rn10wz,line,1,0,1,0.8863609091
2021-12-23,worldnews,Omicron Drives U.S. Virus Cases Past Delta‚Äôs Peak,,https://www.nytimes.com/interactive/2021/12/23/us/omicron-case-count.html,rn10fb,line,1,1,2,0.8863609091
2021-07-14,politics,Only the Rich Could Love This Economic Recovery,,https://www.nytimes.com/interactive/2021/07/12/opinion/covid-fed-qe-inequality.html,ojudig,line,1,30,31,2.436150981
2021-08-04,news,"Police shootings continue daily, despite a pandemic, protests and pushes for reform",,https://www.washingtonpost.com/investigations/interactive/2021/police-shootings-since-2015/?itid=sf_national-investigations,oxob6b,gauge,1,0,1,4.081796079
2021-07-18,news,"Private Israeli spyware used to hack cellphones of journalists, activists worldwide",,https://www.washingtonpost.com/investigations/interactive/2021/nso-spyware-pegasus-cellphones/,omtkmc,map,1,0,1,5.495289886
2021-07-18,news,"Private Israeli spyware used to hack cellphones of journalists, activists worldwide",,https://www.washingtonpost.com/investigations/interactive/2021/nso-spyware-pegasus-cellphones/?no_nav=true&amp;tid=a_classic-iphone,omts2h,map,1,0,1,5.495289886
2021-07-19,conservative,"Private Israeli spyware used to hack cellphones of journalists, activists worldwide",,https://www.washingtonpost.com/investigations/interactive/2021/nso-spyware-pegasus-cellphones/?utm_campaign=wp_main&amp;utm_medium=social&amp;utm_source=twitter,on3q75,map,1,0,1,5.495289886
2021-07-19,news,"Private Israeli spyware used to hack cellphones of journalists, activists worldwide",,https://www.washingtonpost.com/investigations/interactive/2021/nso-spyware-pegasus-cellphones/?utm_campaign=wp_main&amp;utm_medium=social&amp;utm_source=twitter,on3quq,map,1,0,1,5.495289886
2021-07-18,news,"Private Israeli spyware used to hack cellphones of journalists, activists worldwide",,https://www.washingtonpost.com/investigations/interactive/2021/nso-spyware-pegasus-cellphones/?utm_source=email&amp;utm_medium=acq-nat&amp;utm_campaign=eng-pegasus-20210718&amp;utm_content=investigation-pegasus,omztzn,map,1,0,1,5.495289886
2021-07-18,uspolitics,"Private Israeli spyware used to hack cellphones of journalists, activists worldwide",,https://www.washingtonpost.com/investigations/interactive/2021/nso-spyware-pegasus-cellphones/?wpmk=1&amp;wpisrc=al_special_report__alert-national--alert-world--alert-politics&amp;utm_source=alert&amp;utm_medium=email&amp;utm_campaign=wp_news_alert_revere_special_report&amp;location=alert&amp;pwapi_token=eyJ0eXAiOiJKV1QiLCJhbGciOiJIUzI1NiJ9.eyJjb29raWVuYW1lIjoid3BfY3J0aWQiLCJpc3MiOiJDYXJ0YSIsImNvb2tpZXZhbHVlIjoiNTk3MjhiOTk5YmJjMGYxY2RjZTY3MDAwIiwidGFnIjoid3BfbmV3c19hbGVydF9yZXZlcmVfc3BlY2lhbF9yZXBvcnQiLCJ1cmwiOiJodHRwczovL3d3dy53YXNoaW5ndG9ucG9zdC5jb20vaW52ZXN0aWdhdGlvbnMvaW50ZXJhY3RpdmUvMjAyMS9uc28tc3B5d2FyZS1wZWdhc3VzLWNlbGxwaG9uZXMvP3dwbWs9MSZ3cGlzcmM9YWxfc3BlY2lhbF9yZXBvcnRfX2FsZXJ0LW5hdGlvbmFsLS1hbGVydC13b3JsZC0tYWxlcnQtcG9saXRpY3MmdXRtX3NvdXJjZT1hbGVydCZ1dG1fbWVkaXVtPWVtYWlsJnV0bV9jYW1wYWlnbj13cF9uZXdzX2FsZXJ0X3JldmVyZV9zcGVjaWFsX3JlcG9ydCZsb2NhdGlvbj1hbGVydCJ9.bT-Je3QI4MDQuP5KSrxALViyY9McWmDusYrjPHoVy0o,omvgvc,map,1,1,2,5.495289886
2021-07-20,worldnews,"Private Israeli spyware used to hack cellphones of journalists, activists worldwide",,https://www.washingtonpost.com/investigations/interactive/2021/nso-spyware-pegasus-cellphones/,oo1fl2,map,1,2,3,5.495289886
2021-07-20,worldnews,"Private Israeli spyware used to hack cellphones of journalists, activists worldwide",,https://www.washingtonpost.com/investigations/interactive/2021/nso-spyware-pegasus-cellphones/,onyxbh,map,1,3,4,5.495289886
2021-07-18,politics,"Private Israeli spyware used to hack cellphones of journalists, activists worldwide",,https://www.washingtonpost.com/investigations/interactive/2021/nso-spyware-pegasus-cellphones/?itid=hp-top-table-main,omwrt4,map,1,3,4,5.495289886
2021-07-18,politics,"Private Israeli spyware used to hack cellphones of journalists, activists worldwide",,https://www.washingtonpost.com/investigations/interactive/2021/nso-spyware-pegasus-cellphones/?utm_campaign=wp_main&amp;utm_medium=social&amp;utm_source=twitter,omu15c,map,1,5,6,5.495289886
2021-07-18,worldnews,"Private Israeli spyware used to hack cellphones of journalists, activists worldwide",,https://www.washingtonpost.com/investigations/interactive/2021/nso-spyware-pegasus-cellphones/?no_nav=true&amp;tid=a_classic-iphone,omtsea,map,1,27,28,5.495289886
2021-07-18,worldnews,"Private Israeli spyware used to hack cellphones of journalists, activists worldwide",,https://www.washingtonpost.com/investigations/interactive/2021/nso-spyware-pegasus-cellphones/?tid=a_classic-iphone&amp;no_nav=true,omtkx2,map,1,27,28,5.495289886
2021-07-18,politics,"Private Israeli spyware used to hack cellphones of journalists, activists worldwide ‚Äî NSO Group‚Äôs Pegasus spyware, licensed to governments around the globe, can infect phones without a click",,https://www.washingtonpost.com/investigations/interactive/2021/nso-spyware-pegasus-cellphones/,omtn85,map,1,20,21,5.495289886
2021-07-18,Libertarian,"Private spyware licensed to governments for tracking terrorists found on the phones of journalists and activists worldwide | Military-grade Pegasus spyware licensed by Israel‚Äôs NSO Group to help governments track criminals was used on journalists, human rights activists and others",,https://www.washingtonpost.com/investigations/interactive/2021/nso-spyware-pegasus-cellphones/,omtmlv,map,1,15,16,5.495289886
2021-12-17,news,Progress Residential reaps big profits from stressed American renters amid national affordability crisis,,https://www.washingtonpost.com/business/interactive/2021/investors-rental-foreclosure/,ri9n1o,map,1,0,1,6.349719739
2021-04-15,politics,Reconstruction shows how planning failures left police at Capitol severely disadvantaged Jan 6.,,https://www.washingtonpost.com/investigations/interactive/2021/dc-police-records-capitol-riot/,mreypy,infographic,1,12,13,4.928948309
2021-11-03,Republican,RED,,https://www.google.com/amp/s/www.nytimes.com/interactive/2021/11/02/us/elections/results-virginia.amp.html,qln05m,map,1,0,1,1.602613698
2021-07-15,news,"Revealed: the true extent of America‚Äôs food monopolies, and who pays the price | Food &amp; drink industry",,https://www.theguardian.com/environment/ng-interactive/2021/jul/14/food-monopoly-meals-profits-data-investigation?utm_source=pocket&amp;utm_medium=email&amp;utm_campaign=pockethits,okz80m,infographic,1,1,2,3.29091066
2021-12-14,news,"Rising From the Antarctic, a Climate Alarm",,https://www.nytimes.com/interactive/2021/12/13/climate/antarctic-climate-change.html?referringSource=articleShare,rgkrx8,map,1,0,1,4.59806371
2021-12-14,worldnews,"Rising From the Antarctic, a Climate Alarm",,https://www.nytimes.com/interactive/2021/12/13/climate/antarctic-climate-change.html?referringSource=articleShare,rgkqyf,map,1,1,2,4.59806371
2021-03-31,worldnews,See How Rich Countries Got to the Front of the Vaccine Line,,https://www.nytimes.com/interactive/2021/03/31/world/global-vaccine-supply-inequity.html,mhi2vv,bubble,1,3,4,1.473044861
2021-03-31,news,See How Rich Countries Got to the Front of the Vaccine Line,,https://www.nytimes.com/interactive/2021/03/31/world/global-vaccine-supply-inequity.html,mhi3zj,bubble,1,10,11,1.473044861
2021-06-04,news,See Which States Are Falling Behind Biden‚Äôs Vaccination Goal,,https://www.nytimes.com/interactive/2021/06/03/us/virus-vaccine-states.html,nrtvc6,line,1,0,1,1.603252696
2021-06-03,politics,See Which States Are Falling Behind Biden‚Äôs Vaccination Goal,,https://www.nytimes.com/interactive/2021/06/03/us/virus-vaccine-states.html,nrnz2a,line,2,15,17,1.603252696
2021-06-06,news,See which states have vaccinated the fewest people so far,,https://www.cnn.com/interactive/2021/health/us-covid-vaccinations/,ntc5h2,map,1,0,1,1.986065053
2021-06-15,news,The Amazon That Customers Don‚Äôt See,,https://www.nytimes.com/interactive/2021/06/15/us/amazon-workers.html,o0cgjf,infographic,1,0,1,5.270022147
2021-06-16,news,The Amazon that Customers don‚Äôt see,,https://www.nytimes.com/interactive/2021/06/15/us/amazon-workers.html?referringSource=articleShare,o0xrox,map,5,0,5,5.270022147
2021-10-14,politics,The climate disaster is here - this is what the future look like,,https://www.theguardian.com/environment/ng-interactive/2021/oct/14/climate-change-happening-now-stats-graphs-maps-cop26,q89qk7,infographic,1,5,6,2.157049494
2021-10-15,worldnews,The climate disaster is here ‚Äì this is what the future looks like | Environment,,https://www.theguardian.com/environment/ng-interactive/2021/oct/14/climate-change-happening-now-stats-graphs-maps-cop26?fbclid=IwAR3vwr7e5h5ul0WDqMbJSRbU_LYGMMi6vsyTcdjzk0NysBjoTWunQXyQgPw,q8pncs,infographic,1,1,2,2.157049494
2021-10-14,news,"The climate disaster is here. Earth is already becoming unlivable.‚ÄúWe are on a catastrophic path,‚Äù said Ant√≥nio Guterres, secretary general of the UN. ‚ÄúWe can either save our world or condemn humanity to a hellish future.‚Äù",,https://www.theguardian.com/environment/ng-interactive/2021/oct/14/climate-change-happening-now-stats-graphs-maps-cop26,q82ijl,infographic,1,0,1,2.157049494
2021-08-19,worldnews,The Dangerous Road to the Kabul Airport,,https://www.nytimes.com/interactive/2021/08/18/world/asia/kabul-airport-afghanistan-maps.html?referringSource=articleShare,p76aun,map,1,7,8,7.503450942
2021-04-27,politics,The false and misleading claims President Biden made during his first 100 days in office,,https://www.washingtonpost.com/politics/interactive/2021/biden-fact-checker-100-days/?itid=sf_fact-checker,mzsuno,infographic,0,5,5,1.005468764
2021-04-27,Republican,The false and misleading claims President Biden made during his first 100 days in office,,https://www.washingtonpost.com/politics/interactive/2021/biden-fact-checker-100-days/,mztmio,infographic,1,6,7,1.005468764
2021-04-27,politics,The false and misleading claims President Biden made during his first 100 days in office,,https://www.washingtonpost.com/politics/interactive/2021/biden-fact-checker-100-days/?utm_source=facebook&amp;utm_medium=acq-nat&amp;utm_campaign=eng-rem-evg&amp;utm_content=politics-bidenfactchecker&amp;fbclid=IwAR0tLhFy_-VJn4hYbpofBLvga_QwP6SedIV_Ybt9kFqSSjbC1hX8aoq6Aa4,mzoxsx,infographic,1,8,9,1.005468764
2021-04-26,politics,The false and misleading claims President Biden made during his first 100 days in office,,https://www.washingtonpost.com/politics/interactive/2021/biden-fact-checker-100-days/,mz6i6q,infographic,1,27,28,1.005468764
2021-07-29,politics,The Infrastructure Plan: What‚Äôs In and What‚Äôs Out,,https://www.nytimes.com/interactive/2021/07/28/upshot/infrastructure-breakdown.html#commentsContainer,otyzw6,pie,1,32,33,2.881827205
2021-07-29,democrats,The Infrastructure Plan: What‚Äôs In and What‚Äôs Out. Your thoughts?,,https://www.nytimes.com/interactive/2021/07/28/upshot/infrastructure-breakdown.html,ou5jnu,pie,1,7,8,2.881827205
2021-06-29,politics,"The land was worth millions. A Big Ag corporation sold it to Sonny Perdue's company for $250,000.",,https://www.washingtonpost.com/climate-environment/interactive/2021/sonny-perdue-adm-land-deal/?itid=hp-top-table-main,oadl8k,map,1,2,3,6.422517057
2021-06-29,democrats,"The land was worth millions. A Big Ag corporation sold it to Sonny Perdue's company for $250,000.",,https://www.washingtonpost.com/climate-environment/interactive/2021/sonny-perdue-adm-land-deal/,oak78z,map,1,3,4,6.422517057
2021-06-30,politics,"The land was worth millions. A Big Ag corporation sold it to Sonny Perdue's company for $250,000.",,https://www.washingtonpost.com/climate-environment/interactive/2021/sonny-perdue-adm-land-deal/?itid=hp-top-table-main,oam6qg,map,1,3,4,6.422517057
2021-06-29,uspolitics,"The land was worth millions. A Big Ag corporation sold it to Sonny Perdue‚Äôs (Trump's Sec of Ag) company for $250,000.",,https://www.washingtonpost.com/climate-environment/interactive/2021/sonny-perdue-adm-land-deal/?wpmk=1&amp;wpisrc=al_news__alert-politics--alert-national&amp;utm_source=alert&amp;utm_medium=email&amp;utm_campaign=wp_news_alert_revere&amp;location=alert&amp;pwapi_token=eyJ0eXAiOiJKV1QiLCJhbGciOiJIUzI1NiJ9.eyJjb29raWVuYW1lIjoid3BfY3J0aWQiLCJpc3MiOiJDYXJ0YSIsImNvb2tpZXZhbHVlIjoiNTk3MjhiOTk5YmJjMGYxY2RjZTY3MDAwIiwidGFnIjoid3BfbmV3c19hbGVydF9yZXZlcmUiLCJ1cmwiOiJodHRwczovL3d3dy53YXNoaW5ndG9ucG9zdC5jb20vY2xpbWF0ZS1lbnZpcm9ubWVudC9pbnRlcmFjdGl2ZS8yMDIxL3Nvbm55LXBlcmR1ZS1hZG0tbGFuZC1kZWFsLz93cG1rPTEmd3Bpc3JjPWFsX25ld3NfX2FsZXJ0LXBvbGl0aWNzLS1hbGVydC1uYXRpb25hbCZ1dG1fc291cmNlPWFsZXJ0JnV0bV9tZWRpdW09ZW1haWwmdXRtX2NhbXBhaWduPXdwX25ld3NfYWxlcnRfcmV2ZXJlJmxvY2F0aW9uPWFsZXJ0In0.iSvCYgzQNalJOsQ46x-SznxepPpRjjZ6aMGmHtvQxBk,oa9j3a,map,1,3,4,6.422517057
2021-06-29,politics,"The land was worth millions. A Big Ag corporation sold it to Sonny Perdue‚Äôs company for $250,000.",,https://www.washingtonpost.com/climate-environment/interactive/2021/sonny-perdue-adm-land-deal/?itid=hp-top-table-main,oajmo9,map,1,3,4,6.422517057
2021-06-29,politics,"The land was worth millions. A Big Ag corporation sold it to Sonny Perdue‚Äôs company for $250,000.",,https://www.washingtonpost.com/climate-environment/interactive/2021/sonny-perdue-adm-land-deal/?tid=a_classic-iphone&amp;no_nav=true,oa9hho,bar,1,70,71,6.422517057
2021-08-25,politics,The Mississippi clinic at the center of the fight to end abortion in America,,https://www.washingtonpost.com/nation/interactive/2021/mississippi-abortion-law/?utm_campaign=wp_post_most&amp;utm_medium=email&amp;utm_source=newsletter&amp;wpisrc=nl_most&amp;carta-url=https%3A%2F%2Fs2.washingtonpost.com%2Fcar-ln-tr%2F347d960%2F61266e2d9d2fda2f4709d336%2F5d1aaba59bbc0f06dbee8c85%2F9%2F74%2F61266e2d9d2fda2f4709d336,pbiw01,map,1,16,17,3.104396434
2021-04-17,conservative,The rise of domestic extremism in America,,https://www.washingtonpost.com/investigations/interactive/2021/domestic-terrorism-data/,msiaic,bar,1,0,1,1.003049295
2021-09-02,news,The Surfside Condo Collapse -Details,,https://www.nytimes.com/interactive/2021/09/01/us/miami-building-collapse.html?unlocked_article_code=AAAAAAAAAAAAAAAACEIPuonUyYiZ_tU1Gw5CRWySB4B991re1L-XmfshnTj7LSGQSHNI0uURD4mG9ALGYq5nbsMo0nKbWNpFevcJdcBF89V-bQZrWhX65dyFnogIOSw-tYOtUyRq1MKUDeEyq3q0PzDjbbp2nbT6tkLfPn29CKfbgiYqJgln9sd1ZBr9jyxzs6TPE-9229J_1e5wRcwpAGddO1TZ-qXgGB58O92ZbxHD6wJQW-xRWj3bmd70-KtXOUwJSgqAFCUjlD56vNBMO9oXPLL9Jwojf6f9hLYRDW9qLeS5FuWIAXTwM9nAF4Yjg9rnstk&amp;smid=url-share,pgj0wc,infographic,1,0,1,5.58636515
2021-09-15,news,The Surfside Condo Was Flawed and Failing. Here‚Äôs a Look Inside - Miami Collapse,,https://www.nytimes.com/interactive/2021/09/01/us/miami-building-collapse.html,pou5ya,infographic,1,0,1,2.771127452
2021-09-03,news,The Surfside Condo Was Flawed and Failing. Here‚Äôs a Look Inside.,,https://www.nytimes.com/interactive/2021/09/01/us/miami-building-collapse.html?smid=url-share,pgu1o9,infographic,1,0,1,5.58636515
2021-05-18,worldevents,The Toll of Eight Days of Conflict in Gaza and Israel,,https://www.nytimes.com/interactive/2021/05/17/world/middleeast/israel-palestine-gaza-conflict-death-toll.html,nezweq,map,1,0,1,4.654050314
2021-05-18,worldnews,The Toll of Eight Days of Conflict in Gaza and Israel,,https://www.nytimes.com/interactive/2021/05/17/world/middleeast/israel-palestine-gaza-conflict-death-toll.html?action=click&amp;module=Spotlight&amp;pgtype=Homepage,neyn16,map,1,8,9,4.654050314
2021-07-14,news,"The true extent of America‚Äôs food monopolies, and who pays the price",,https://www.theguardian.com/environment/ng-interactive/2021/jul/14/food-monopoly-meals-profits-data-investigation?CMP=Share_AndroidApp_Other,ok9xjy,infographic,1,0,1,3.29091066
2021-07-14,news,"The true extent of America‚Äôs food monopolies, and who pays the price: Investigation shows scale of big food corporations' market dominance and political power",,https://www.theguardian.com/environment/ng-interactive/2021/jul/14/food-monopoly-meals-profits-data-investigation,okdzh3,infographic,1,5,6,3.29091066
2021-04-22,politics,The U.S. Has a New Climate Goal. How Does It Stack Up Globally?,,https://www.nytimes.com/interactive/2021/04/22/climate/new-climate-pledge.html,mw6h9m,area,1,12,13,1.936853407
2021-05-24,news,The unseen covid-19 risk for unvaccinated people,,https://www.washingtonpost.com/health/interactive/2021/covid-rates-unvaccinated-people/,nk44ss,line,1,0,1,0.5910758587
2021-05-12,news,There‚Äôs a New Definition of ‚ÄòNormal‚Äô for Weather,,https://www.nytimes.com/interactive/2021/05/12/climate/climate-change-weather-noaa.html,nar4ha,map,1,9,10,2.541550133
2021-11-12,democrats,These maps show how Republicans are blatantly rigging elections,,https://www.theguardian.com/us-news/ng-interactive/2021/nov/12/gerrymander-redistricting-map-republicans-democrats-visual,qshegd,map,1,0,1,1.59804078
2021-11-13,news,These maps show how Republicans are blatantly rigging elections,,https://www.theguardian.com/us-news/ng-interactive/2021/nov/12/gerrymander-redistricting-map-republicans-democrats-visual?CMP=Share_iOSApp_Other,qsraij,map,1,0,1,1.59804078
2021-11-12,Liberal,These maps show how Republicans are blatantly rigging elections,,https://www.theguardian.com/us-news/ng-interactive/2021/nov/12/gerrymander-redistricting-map-republicans-democrats-visual,qsdhcv,map,1,1,2,1.59804078
2021-11-12,politics,These maps show how Republicans are blatantly rigging elections,,https://www.theguardian.com/us-news/ng-interactive/2021/nov/12/gerrymander-redistricting-map-republicans-democrats-visual,qs9m6q,map,1,1008,1009,1.59804078
2021-11-13,politics,These maps show how Republicans are blatantly rigging elections | US voting rights,,https://www.theguardian.com/us-news/ng-interactive/2021/nov/12/gerrymander-redistricting-map-republicans-democrats-visual,qss45m,map,1,4,5,1.59804078
2021-07-07,politics,"This Is Tax Evasion, Plain and Simple",,https://www.nytimes.com/interactive/2021/07/07/opinion/minimum-corporate-tax.html?te=1&amp;nl=the-morning&amp;emc=edit_nn_20210707,ofq9xw,line,1,43,44,1.062457541
2021-08-04,politics,Tracking the political appointees Biden is nominating to fill the top roles in his administration,,https://www.washingtonpost.com/politics/interactive/2020/biden-appointee-tracker/,oy08dt,line,1,3,4,0.734756468
2021-03-07,news,Trump Impeached for Abuse of Power,,https://www.nytimes.com/interactive/2019/12/18/us/politics/trump-impeachment-vote.html,lzu16w,infographic,1,0,1,1.904598102
2021-03-12,politics,Two states tax some drivers by the mile. Many more want to give it a try. | The approach is more complex than taxing gasoline usage and faces opposition from environmentalists who say it favors gas-guzzling SUVs and trucks,,https://www.washingtonpost.com/transportation/interactive/2021/electric-mileage-tax/,m3nkn8,waffle,1,42,43,4.181771473
2021-08-06,politics,Unpaid caregivers: How America treats women caring for paralyzed partners | These women care for their paralyzed partners full time. Most states refuse to pay them.,,https://www.washingtonpost.com/business/interactive/2021/caregiver-partner-paralyzed-marriage-pandemic/,ozb3td,map,1,29,30,2.090664424
2021-08-27,news,"Washington Post analysis found the Myanmar military responded with weapons of war and brutal, premeditated counterinsurgency tactics against demonstrators.",,https://www.washingtonpost.com/world/interactive/2021/myanmar-crackdown-military-coup/,pcgwb6,bar,1,0,1,1.276533544
2021-08-07,politics,"What do Bangladesh, Egypt, Botswana, Argentina and the US have in common? Global covid hot spots.",,https://www.nytimes.com/interactive/2021/world/covid-cases.html?referringSource=articleShare,ozoc9y,map,1,21,22,2.118796357
2021-06-07,Liberal,What Happened When Trump Was Banned on Social Media,,https://www.nytimes.com/interactive/2021/06/07/technology/trump-social-media-ban.html,nu7zk5,bubble,1,0,1,1.462219478
2021-12-22,politics,"What the Stalled Build Back Better Bill Means for Climate, in One Chart",,https://www.nytimes.com/interactive/2021/12/21/climate/manchin-climate-change-build-back-better.html?unlocked_article_code=AAAAAAAAAAAAAAAACEIPuonUyYiZ_tU1Gw5CRWySB4B991rf37-Vmfs3gn77JTSYDjNLye8VAo7F8EPMYKN_ap443z2dS9IEOqIuQPA3xOZUPAlnRhW0r4HCmIgAJ299j7OPaV4M_sCHW6Eko3itb2-lJf12z6G-oR_BaDLtD6CM1XI-J15g9I9icg2sxScDxqraReRz2IEq3fdyUZl4Vi5AMHfRx4TgDBt1ON2GbxHOuEJhC6wCB2alzZPL4KkAcQ5RFVrGUHh_hG8649pfM98dV73te19iIIGtxOVMVRE7aduhFJYzRIPLlr11sLKrqBGEycK-w_ReB7wCwz_JZDi96q24TxHKhymT,rlwjew,line,1,1,2,1.487620091
2021-05-25,politics,What the Tulsa Race Massacre Destroyed,,https://www.nytimes.com/interactive/2021/05/24/us/tulsa-race-massacre.html,nkcx5j,infographic,1,14,15,6.194997031
2021-03-31,politics,What‚Äôs in Biden‚Äôs Infrastructure Plan?,,https://www.nytimes.com/interactive/2021/03/31/upshot/whats-in-bidens-infrastructure-plan.html,mhaior,bar,1,5,6,0.8766799386
2021-03-31,politics,What‚Äôs in Biden‚Äôs Infrastructure Plan?,,https://www.nytimes.com/interactive/2021/03/31/upshot/whats-in-bidens-infrastructure-plan.html,mhh6li,bar,1,6,7,0.8766799386
2021-05-21,politics,Where Republican senators stand on voting for a Jan. 6 commission,,https://www.washingtonpost.com/politics/interactive/2021/january6-commission-senators-vote/?utm_campaign=wp_main&amp;utm_medium=social&amp;utm_source=facebook&amp;fbclid=IwAR1JuHMKRvzKzv5aFEjDhKu3ivXxxC1hJF05fB2Zf4nY73ZMQVY2bhXNpOk,ni69nr,waffle,1,29,30,1.214434287
2021-08-26,news,Where the Delta Wave Has Driven Up Covid-19 Vaccinations,,https://www.nytimes.com/interactive/2021/08/26/us/vaccination-increase-covid-delta.html,pbywjy,map,1,0,1,2.844803672
2021-08-13,news,Where the Racial Makeup of the U.S. Shifted in the Last Decade,,https://www.nytimes.com/interactive/2021/08/12/us/2020-census-race-ethnicity.html?smid=url-share,p3q9wh,map,1,0,1,2.639129779
2021-11-12,worldnews,Who Has The Most Historical Responsibility for Climate Change?,,https://www.nytimes.com/interactive/2021/11/12/climate/cop26-emissions-compensation.html?referringSource=articleShare,qsdlff,treemap,1,14,15,2.158750572
2021-11-12,worldnews,Who Has The Most Historical Responsibility for Climate Change?,,https://www.nytimes.com/interactive/2021/11/12/climate/cop26-emissions-compensation.html,qs9cnx,treemap,1,20,21,2.158750572
2021-12-18,politics,Why are we still losing our minds on the virus?,,https://www.nytimes.com/interactive/2021/us/new-york-covid-cases.html,rjbinn,area,1,0,1,1.538909468